inmate_id,booking_date
1721800,2017-10-31
1721801,2017-10-31
1721802,2017-10-31
1721803,2017-10-31
1721804,2017-10-31
1721805,2017-10-31
1721806,2017-10-31
1721807,2017-10-31
1721808,2017-10-31
1721809,2017-10-31
1721810,2017-10-31
1721811,2017-10-31
1721812,2017-10-31
1721813,2017-10-31
1721814,2017-10-31
1721815,2017-10-31
1721816,2017-10-31
1721817,2017-10-31
1721818,2017-10-31
1721819,2017-10-31
1721820,2017-10-31
1721821,2017-10-31
1721822,2017-10-31
1721823,2017-10-31
1721824,2017-10-31
1721825,2017-10-31
1721826,2017-10-31
1721827,2017-10-31
1721828,2017-10-31
1721829,2017-10-31
1721830,2017-10-31
1721831,2017-10-31
1721832,2017-10-31
1721833,2017-10-31
1721834,2017-10-31
1721835,2017-10-31
1721836,2017-10-31
1721837,2017-10-31
1721838,2017-10-31
1721839,2017-10-31
1721840,2017-10-31
1721841,2017-10-31
1721842,2017-10-31
1721843,2017-10-31
1721844,2017-10-31
1721845,2017-10-31
1721846,2017-10-31
1721847,2017-10-31
1721848,2017-10-31
1721849,2017-10-31
1721850,2017-10-31
1721851,2017-10-31
1721852,2017-10-31
1721853,2017-10-31
1721854,2017-10-31
1721855,2017-10-31
1721856,2017-10-31
1721857,2017-10-31
1721858,2017-10-31
1721859,2017-10-31
1721860,2017-10-31
1721861,2017-10-31
1721862,2017-10-31
1721863,2017-10-31
1721864,2017-10-31
1721865,2017-10-31
1721866,2017-10-31
1721867,2017-10-31
1721868,2017-10-31
1721869,2017-10-31
1721870,2017-10-31
1721871,2017-10-31
1721872,2017-10-31
1721873,2017-10-31
1721874,2017-10-31
1721875,2017-10-31
1721876,2017-10-31
1721877,2017-10-31
1721878,2017-10-31
1721879,2017-10-31
1721880,2017-10-31
1721881,2017-10-31
1721882,2017-10-31
1721883,2017-10-31
1721884,2017-10-31
1721885,2017-10-31
1721886,2017-10-31
1721887,2017-10-31
1721888,2017-10-31
1721889,2017-11-01
1721890,2017-11-01
1721891,2017-11-01
1721892,2017-11-01
1721893,2017-11-01
1721894,2017-11-01
1721895,2017-11-01
1721897,2017-11-01
1721898,2017-11-01
1721899,2017-11-01
1721900,2017-11-01
1721901,2017-11-01
1721902,2017-11-01
1721903,2017-11-01
1721904,2017-11-01
1721905,2017-11-01
1721906,2017-11-01
1721907,2017-11-01
1721908,2017-11-01
1721909,2017-11-01
1721910,2017-11-01
1721911,2017-11-01
1721912,2017-11-01
1721913,2017-11-01
1721914,2017-11-01
1721915,2017-11-01
1721916,2017-11-01
1721917,2017-11-01
1721918,2017-11-01
1721919,2017-11-01
1721920,2017-11-01
1721921,2017-11-01
1721922,2017-11-01
1721923,2017-11-01
1721924,2017-11-01
1721925,2017-11-01
1721926,2017-11-01
1721927,2017-11-01
1721928,2017-11-01
1721929,2017-11-01
1721930,2017-11-01
1721931,2017-11-01
1721932,2017-11-01
1721933,2017-11-01
1721934,2017-11-01
1721935,2017-11-01
1721936,2017-11-01
1721937,2017-11-01
1721938,2017-11-01
1721939,2017-11-01
1721940,2017-11-01
1721941,2017-11-01
1721942,2017-11-01
1721943,2017-11-01
1721944,2017-11-01
1721945,2017-11-01
1721946,2017-11-01
1721947,2017-11-01
1721948,2017-11-01
1721949,2017-11-01
1721950,2017-11-01
1721951,2017-11-01
1721952,2017-11-01
1721953,2017-11-01
1721954,2017-11-01
1721955,2017-11-01
1721956,2017-11-01
1721957,2017-11-01
1721958,2017-11-01
1721959,2017-11-01
1721960,2017-11-01
1721961,2017-11-01
1721962,2017-11-01
1721963,2017-11-01
1721964,2017-11-01
1721965,2017-11-01
1721966,2017-11-01
1721967,2017-11-01
1721968,2017-11-01
1721969,2017-11-01
1721970,2017-11-01
1721971,2017-11-01
1721972,2017-11-01
1721973,2017-11-01
1721974,2017-11-01
1721975,2017-11-01
1721976,2017-11-01
1721977,2017-11-01
1721978,2017-11-01
1721979,2017-11-01
1721980,2017-11-02
1721981,2017-11-02
1721982,2017-11-02
1721983,2017-11-02
1721984,2017-11-02
1721985,2017-11-02
1721986,2017-11-02
1721987,2017-11-02
1721988,2017-11-02
1721989,2017-11-02
1721990,2017-11-02
1721991,2017-11-02
1721992,2017-11-02
1721993,2017-11-02
1721994,2017-11-02
1721995,2017-11-02
1721996,2017-11-02
1721997,2017-11-02
1721998,2017-11-02
1721999,2017-11-02
1722000,2017-11-02
1722001,2017-11-02
1722002,2017-11-02
1722003,2017-11-02
1722004,2017-11-02
1722005,2017-11-02
1722006,2017-11-02
1722007,2017-11-02
1722008,2017-11-02
1722009,2017-11-02
1722010,2017-11-02
1722011,2017-11-02
1722012,2017-11-02
1722013,2017-11-02
1722014,2017-11-02
1722015,2017-11-02
1722016,2017-11-02
1722017,2017-11-02
1722018,2017-11-02
1722019,2017-11-02
1722020,2017-11-02
1722021,2017-11-02
1722022,2017-11-02
1722023,2017-11-02
1722024,2017-11-02
1722025,2017-11-02
1722026,2017-11-02
1722027,2017-11-02
1722028,2017-11-02
1722029,2017-11-02
1722030,2017-11-02
1722031,2017-11-02
1722032,2017-11-02
1722033,2017-11-02
1722034,2017-11-02
1722035,2017-11-02
1722036,2017-11-02
1722037,2017-11-02
1722038,2017-11-02
1722039,2017-11-02
1722040,2017-11-02
1722041,2017-11-02
1722042,2017-11-02
1722043,2017-11-02
1722044,2017-11-02
1722045,2017-11-02
1722046,2017-11-02
1722047,2017-11-02
1722048,2017-11-02
1722049,2017-11-02
1722050,2017-11-02
1722051,2017-11-02
1722052,2017-11-02
1722053,2017-11-02
1722054,2017-11-02
1722055,2017-11-02
1722056,2017-11-02
1722057,2017-11-02
1722058,2017-11-02
1722059,2017-11-02
1722060,2017-11-02
1722061,2017-11-02
1722062,2017-11-02
1722063,2017-11-02
1722064,2017-11-02
1722065,2017-11-02
1722066,2017-11-02
1722067,2017-11-02
1722068,2017-11-02
1722069,2017-11-02
1722070,2017-11-02
1722071,2017-11-02
1722072,2017-11-02
1722073,2017-11-02
1722074,2017-11-02
1722075,2017-11-02
1722076,2017-11-02
1722077,2017-11-02
1722078,2017-11-03
1722079,2017-11-02
1722080,2017-11-02
1722081,2017-11-02
1722082,2017-11-03
1722083,2017-11-03
1722084,2017-11-03
1722085,2017-11-03
1722086,2017-11-03
1722087,2017-11-03
1722088,2017-11-03
1722089,2017-11-03
1722090,2017-11-03
1722091,2017-11-03
1722092,2017-11-03
1722093,2017-11-03
1722094,2017-11-03
1722095,2017-11-03
1722096,2017-11-03
1722097,2017-11-03
1722098,2017-11-03
1722099,2017-11-03
1722100,2017-11-03
1722101,2017-11-03
1722102,2017-11-03
1722103,2017-11-03
1722104,2017-11-03
1722105,2017-11-03
1722106,2017-11-03
1722107,2017-11-03
1722108,2017-11-03
1722109,2017-11-03
1722110,2017-11-03
1722111,2017-11-03
1722112,2017-11-03
1722113,2017-11-03
1722114,2017-11-03
1722115,2017-11-03
1722116,2017-11-03
1722117,2017-11-03
1722118,2017-11-03
1722119,2017-11-03
1722120,2017-11-03
1722121,2017-11-03
1722122,2017-11-03
1722123,2017-11-03
1722124,2017-11-03
1722125,2017-11-03
1722126,2017-11-03
1722127,2017-11-03
1722128,2017-11-03
1722129,2017-11-03
1722130,2017-11-03
1722131,2017-11-03
1722132,2017-11-03
1722133,2017-11-03
1722134,2017-11-03
1722135,2017-11-03
1722136,2017-11-03
1722137,2017-11-03
1722138,2017-11-03
1722139,2017-11-03
1722140,2017-11-03
1722141,2017-11-03
1722142,2017-11-03
1722143,2017-11-03
1722144,2017-11-03
1722145,2017-11-03
1722146,2017-11-03
1722147,2017-11-03
1722148,2017-11-03
1722149,2017-11-03
1722150,2017-11-03
1722151,2017-11-03
1722152,2017-11-03
1722153,2017-11-03
1722154,2017-11-03
1722155,2017-11-03
1722156,2017-11-03
1722157,2017-11-03
1722158,2017-11-03
1722159,2017-11-03
1722160,2017-11-03
1722161,2017-11-04
1722162,2017-11-04
1722163,2017-11-04
1722164,2017-11-04
1722165,2017-11-04
1722166,2017-11-04
1722167,2017-11-04
1722168,2017-11-04
1722169,2017-11-04
1722170,2017-11-04
1722171,2017-11-04
1722172,2017-11-04
1722173,2017-11-04
1722174,2017-11-04
1722175,2017-11-04
1722176,2017-11-04
1722177,2017-11-04
1722178,2017-11-04
1722179,2017-11-04
1722180,2017-11-04
1722181,2017-11-04
1722182,2017-11-04
1722183,2017-11-04
1722184,2017-11-04
1722185,2017-11-04
1722186,2017-11-04
1722187,2017-11-04
1722188,2017-11-04
1722189,2017-11-04
1722190,2017-11-04
1722191,2017-11-04
1722192,2017-11-04
1722193,2017-11-04
1722194,2017-11-04
1722195,2017-11-04
1722196,2017-11-04
1722197,2017-11-04
1722198,2017-11-04
1722199,2017-11-04
1722200,2017-11-04
1722201,2017-11-04
1722202,2017-11-04
1722203,2017-11-04
1722204,2017-11-04
1722205,2017-11-04
1722206,2017-11-04
1722207,2017-11-04
1722208,2017-11-04
1722209,2017-11-04
1722210,2017-11-04
1722211,2017-11-04
1722212,2017-11-04
1722213,2017-11-04
1722214,2017-11-05
1722215,2017-11-05
1722216,2017-11-05
1722217,2017-11-05
1722218,2017-11-05
1722219,2017-11-05
1722220,2017-11-05
1722221,2017-11-05
1722222,2017-11-05
1722223,2017-11-05
1722224,2017-11-05
1722225,2017-11-05
1722226,
1722227,2017-11-05
1722228,2017-11-05
1722229,2017-11-05
1722230,2017-11-05
1722231,2017-11-05
1722232,2017-11-05
1722233,2017-11-05
1722234,2017-11-05
1722235,2017-11-05
1722236,2017-11-05
1722237,2017-11-05
1722238,2017-11-05
1722239,2017-11-05
1722240,2017-11-05
1722241,2017-11-05
1722242,2017-11-05
1722243,2017-11-05
1722244,2017-11-05
1722245,2017-11-05
1722246,2017-11-05
1722247,2017-11-05
1722248,2017-11-05
1722249,2017-11-05
1722250,2017-11-05
1722251,2017-11-05
1722252,2017-11-05
1722253,2017-11-05
1722254,2017-11-05
1722255,2017-11-05
1722256,2017-11-06
1722257,2017-11-06
1722258,2017-11-06
1722259,2017-11-06
1722260,2017-11-06
1722261,2017-11-06
1722262,2017-11-06
1722263,2017-11-06
1722264,2017-11-06
1722265,2017-11-06
1722266,2017-11-06
1722267,2017-11-06
1722268,2017-11-06
1722269,2017-11-06
1722270,2017-11-06
1722271,2017-11-06
1722272,2017-11-06
1722273,2017-11-06
1722274,2017-11-06
1722275,2017-11-06
1722276,2017-11-06
1722277,2017-11-06
1722278,2017-11-06
1722279,2017-11-06
1722280,2017-11-06
1722281,2017-11-06
1722282,2017-11-06
1722283,2017-11-06
1722284,2017-11-06
1722285,2017-11-06
1722286,2017-11-06
1722287,2017-11-06
1722288,2017-11-06
1722289,2017-11-06
1722290,2017-11-06
1722291,2017-11-06
1722292,2017-11-06
1722293,2017-11-06
1722294,2017-11-06
1722295,2017-11-06
1722296,2017-11-06
1722297,2017-11-06
1722298,2017-11-06
1722299,2017-11-06
1722300,2017-11-06
1722301,2017-11-06
1722302,2017-11-06
1722303,2017-11-06
1722304,2017-11-06
1722305,2017-11-06
1722306,2017-11-06
1722307,2017-11-06
1722308,2017-11-06
1722309,2017-11-06
1722310,2017-11-06
1722311,2017-11-06
1722312,2017-11-06
1722313,2017-11-06
1722314,2017-11-06
1722315,2017-11-06
1722316,2017-11-06
1722317,2017-11-06
1722318,2017-11-06
1722319,2017-11-06
1722320,2017-11-06
1722321,2017-11-06
1722322,2017-11-06
1722323,2017-11-06
1722324,2017-11-06
1722325,2017-11-06
1722326,2017-11-06
1722327,2017-11-06
1722328,2017-11-07
1722329,2017-11-07
1722330,2017-11-07
1722331,2017-11-07
1722332,2017-11-07
1722333,2017-11-07
1722334,2017-11-07
1722335,2017-11-07
1722336,2017-11-07
1722337,2017-11-07
1722338,2017-11-07
1722339,2017-11-07
1722340,2017-11-07
1722341,2017-11-07
1722342,2017-11-07
1722343,2017-11-07
1722344,2017-11-07
1722345,2017-11-07
1722346,2017-11-07
1722347,2017-11-07
1722348,2017-11-07
1722349,2017-11-07
1722350,2017-11-07
1722351,2017-11-07
1722352,2017-11-07
1722353,2017-11-07
1722354,2017-11-07
1722355,2017-11-07
1722356,2017-11-07
1722357,2017-11-07
1722358,2017-11-07
1722359,2017-11-07
1722361,2017-11-07
1722362,2017-11-07
1722363,2017-11-07
1722364,2017-11-07
1722365,2017-11-07
1722366,2017-11-07
1722367,2017-11-07
1722368,2017-11-07
1722369,2017-11-07
1722370,2017-11-07
1722371,2017-11-07
1722372,2017-11-07
1722373,2017-11-07
1722374,2017-11-07
1722375,2017-11-07
1722376,2017-11-07
1722377,2017-11-07
1722378,2017-11-07
1722379,2017-11-07
1722380,2017-11-07
1722381,2017-11-07
1722382,2017-11-07
1722383,2017-11-07
1722384,2017-11-07
1722385,2017-11-07
1722386,2017-11-07
1722387,2017-11-07
1722388,2017-11-07
1722389,2017-11-07
1722390,2017-11-07
1722391,2017-11-07
1722392,2017-11-07
1722393,2017-11-07
1722394,2017-11-07
1722395,2017-11-07
1722396,2017-11-07
1722397,2017-11-07
1722398,2017-11-07
1722399,2017-11-07
1722400,2017-11-07
1722401,2017-11-07
1722402,2017-11-07
1722403,2017-11-07
1722405,2017-11-07
1722406,2017-11-07
1722407,2017-11-07
1722408,2017-11-07
1722409,2017-11-07
1722410,2017-11-07
1722411,2017-11-07
1722412,2017-11-07
1722413,2017-11-07
1722414,2017-11-07
1722415,2017-11-07
1722416,2017-11-07
1722417,2017-11-07
1722418,2017-11-07
1722419,2017-11-07
1722420,2017-11-07
1722421,2017-11-07
1722422,2017-11-07
1722423,2017-11-07
1722424,2017-11-07
1722425,2017-11-07
1722426,2017-11-07
1722427,2017-11-07
1722428,2017-11-07
1722429,2017-11-07
1722430,2017-11-07
1722431,2017-11-07
1722432,2017-11-07
1722433,2017-11-07
1722434,2017-11-07
1722435,2017-11-07
1722436,2017-11-07
1722437,2017-11-07
1722438,2017-11-07
1722439,2017-11-07
1722440,2017-11-07
1722441,2017-11-07
1722442,2017-11-08
1722443,2017-11-08
1722444,2017-11-08
1722445,2017-11-08
1722446,2017-11-08
1722447,2017-11-08
1722448,2017-11-08
1722449,2017-11-08
1722450,2017-11-08
1722451,2017-11-08
1722452,2017-11-08
1722453,2017-11-08
1722454,2017-11-08
1722455,2017-11-08
1722456,2017-11-08
1722457,2017-11-08
1722458,2017-11-08
1722459,2017-11-08
1722460,2017-11-08
1722461,2017-11-08
1722462,2017-11-08
1722463,2017-11-08
1722464,2017-11-08
1722465,2017-11-08
1722466,2017-11-08
1722467,2017-11-08
1722468,2017-11-08
1722469,2017-11-08
1722470,2017-11-08
1722471,2017-11-08
1722472,2017-11-08
1722473,2017-11-08
1722474,2017-11-08
1722475,2017-11-08
1722476,2017-11-08
1722477,2017-11-08
1722478,2017-11-08
1722479,2017-11-08
1722480,2017-11-08
1722481,2017-11-08
1722482,2017-11-08
1722483,2017-11-08
1722484,2017-11-08
1722485,2017-11-08
1722486,2017-11-08
1722487,2017-11-08
1722488,2017-11-08
1722489,2017-11-08
1722490,2017-11-08
1722491,2017-11-08
1722493,2017-11-08
1722494,2017-11-08
1722495,2017-11-08
1722496,2017-11-08
1722497,2017-11-08
1722498,2017-11-08
1722499,2017-11-08
1722500,2017-11-08
1722501,2017-11-08
1722502,2017-11-08
1722503,2017-11-08
1722504,2017-11-08
1722505,2017-11-08
1722506,2017-11-08
1722507,2017-11-08
1722508,2017-12-07
1722509,2017-11-08
1722510,2017-11-08
1722511,2017-11-09
1722512,2017-11-09
1722513,2017-11-09
1722514,2017-11-09
1722515,2017-11-09
1722516,2017-11-09
1722517,2017-11-09
1722518,2017-11-09
1722519,2017-11-09
1722520,2017-11-09
1722521,2017-11-09
1722522,2017-11-09
1722523,2017-11-09
1722524,2017-11-09
1722525,2017-11-09
1722526,2017-11-09
1722527,2017-11-09
1722528,2017-11-09
1722529,2017-11-09
1722530,2017-11-09
1722531,2017-11-09
1722532,2017-11-09
1722533,2017-11-09
1722534,2017-11-09
1722535,2017-11-09
1722536,2017-11-09
1722537,2017-11-09
1722538,2017-11-09
1722539,2017-11-09
1722540,2017-11-09
1722541,2017-11-09
1722542,2017-11-09
1722543,2017-11-09
1722544,2017-11-09
1722545,2017-11-09
1722546,2017-11-09
1722547,2017-11-09
1722548,2017-11-09
1722549,2017-11-09
1722550,2017-11-09
1722551,2017-11-09
1722552,2017-11-09
1722553,2017-11-09
1722554,2017-11-09
1722555,2017-11-09
1722556,2017-11-09
1722557,2017-11-09
1722558,2017-11-09
1722559,2017-11-09
1722560,2017-11-09
1722561,2017-11-09
1722562,2017-11-09
1722563,2017-11-09
1722564,2017-11-09
1722565,2017-11-09
1722566,2017-11-09
1722567,2017-11-09
1722568,2017-11-09
1722569,2017-11-09
1722570,2017-11-09
1722571,2017-11-09
1722572,2017-11-09
1722573,2017-11-09
1722574,2017-11-09
1722575,2017-11-09
1722576,2017-11-09
1722577,2017-11-09
1722578,2017-11-09
1722579,2017-11-09
1722580,2017-11-09
1722581,2017-11-09
1722582,2017-11-09
1722583,2017-11-09
1722584,2017-11-09
1722585,2017-11-09
1722586,2017-11-09
1722587,2017-11-09
1722588,2017-11-09
1722589,2017-11-09
1722590,2017-11-09
1722591,2017-11-09
1722592,2017-11-09
1722593,2017-11-09
1722594,2017-11-09
1722595,2017-11-09
1722596,2017-11-09
1722597,2017-11-09
1722598,2017-11-09
1722599,2017-11-09
1722600,2017-11-09
1722601,2017-11-09
1722602,2017-11-09
1722603,2017-11-09
1722604,2017-11-09
1722605,2017-11-09
1722606,2017-11-09
1722607,2017-11-09
1722608,2017-11-10
1722609,2017-11-10
1722610,2017-11-10
1722611,2017-11-10
1722612,2017-11-10
1722613,2017-11-10
1722614,2017-11-10
1722615,2017-11-10
1722616,2017-11-10
1722617,2017-11-10
1722618,2017-11-10
1722619,2017-11-10
1722620,2017-11-10
1722621,2017-11-10
1722622,2017-11-10
1722623,2017-11-10
1722624,2017-11-10
1722625,2017-11-10
1722626,2017-11-10
1722627,2017-11-10
1722628,2017-11-10
1722629,2017-11-10
1722630,2017-11-10
1722631,2017-11-10
1722632,2017-11-10
1722633,2017-11-10
1722634,2017-11-10
1722635,2017-11-10
1722636,2017-11-10
1722637,2017-11-10
1722638,2017-11-10
1722639,2017-11-10
1722640,2017-11-10
1722641,2017-11-10
1722642,2017-11-10
1722643,2017-11-10
1722644,2017-11-10
1722645,2017-11-10
1722646,2017-11-10
1722647,2017-11-10
1722648,2017-11-10
1722649,2017-11-10
1722650,2017-11-10
1722651,2017-11-10
1722652,2017-11-10
1722653,2017-11-10
1722654,2017-11-10
1722655,2017-11-10
1722656,2017-11-10
1722657,2017-11-10
1722658,2017-11-10
1722659,2017-11-10
1722660,2017-11-10
1722661,2017-11-10
1722662,2017-11-10
1722663,2017-11-10
1722664,2017-11-10
1722665,2017-11-10
1722666,2017-11-10
1722667,2017-11-10
1722668,2017-11-11
1722669,2017-11-11
1722670,2017-11-11
1722671,2017-11-11
1722672,2017-11-11
1722673,2017-11-11
1722674,2017-11-11
1722675,2017-11-11
1722676,2017-11-11
1722677,2017-11-11
1722678,2017-11-11
1722679,2017-11-11
1722680,2017-11-11
1722681,2017-11-11
1722682,2017-11-11
1722683,2017-11-11
1722684,2017-11-11
1722685,2017-11-11
1722686,2017-11-11
1722687,2017-11-11
1722688,2017-11-11
1722689,2017-11-11
1722690,2017-11-11
1722691,2017-11-11
1722692,2017-11-11
1722693,2017-11-11
1722694,2017-11-11
1722695,2017-11-11
1722696,2017-11-11
1722697,2017-11-11
1722698,2017-11-11
1722699,2017-11-11
1722700,2017-11-11
1722701,2017-11-11
1722702,2017-11-11
1722703,2017-11-11
1722704,2017-11-11
1722705,2017-11-12
1722706,2017-11-12
1722707,2017-11-12
1722708,2017-11-12
1722709,2017-11-12
1722710,2017-11-12
1722711,2017-11-12
1722712,2017-11-12
1722713,2017-11-12
1722714,2017-11-12
1722715,2017-11-12
1722716,2017-11-12
1722717,2017-11-12
1722718,2017-11-12
1722719,2017-11-12
1722720,2017-11-12
1722721,2017-11-12
1722722,2017-11-12
1722723,2017-11-12
1722724,2017-11-12
1722725,2017-11-12
1722726,2017-11-12
1722727,2017-11-12
1722728,2017-11-12
1722729,2017-11-12
1722730,2017-11-12
1722731,2017-11-12
1722732,2017-11-12
1722733,2017-11-12
1722734,2017-11-12
1722735,2017-11-12
1722736,2017-11-12
1722737,2017-11-12
1722738,2017-11-12
1722739,2017-11-12
1722740,2017-11-12
1722741,2017-11-12
1722742,2017-11-12
1722743,2017-11-12
1722744,2017-11-13
1722745,2017-11-13
1722746,2017-11-13
1722747,2017-11-13
1722748,2017-11-13
1722749,2017-11-13
1722750,2017-11-13
1722751,2017-11-13
1722752,2017-11-13
1722753,2017-11-13
1722754,2017-11-13
1722755,2017-11-13
1722756,2017-11-13
1722757,2017-11-13
1722758,2017-11-13
1722759,2017-11-13
1722760,2017-11-13
1722761,2017-11-13
1722762,2017-11-13
1722763,2017-11-13
1722764,2017-11-13
1722765,2017-11-13
1722766,2017-11-13
1722768,2017-11-13
1722769,2017-11-13
1722770,2017-11-13
1722771,2017-11-13
1722772,2017-11-13
1722773,2017-11-13
1722774,2017-11-13
1722775,2017-11-13
1722776,2017-11-13
1722777,2017-11-13
1722778,2017-11-13
1722779,2017-11-13
1722780,2017-11-13
1722781,2017-11-13
1722782,2017-11-13
1722783,2017-11-13
1722784,2017-11-13
1722785,2017-11-13
1722786,2017-11-13
1722787,2017-11-13
1722788,2017-11-13
1722789,2017-11-13
1722790,2017-11-13
1722791,2017-11-13
1722792,2017-11-13
1722793,2017-11-13
1722794,2017-11-13
1722795,2017-11-13
1722796,2017-11-13
1722797,2017-11-13
1722798,2017-11-13
1722799,2017-11-13
1722800,2017-11-13
1722801,2017-11-13
1722802,2017-11-13
1722803,2017-11-13
1722804,2017-11-13
1722805,2017-11-13
1722806,2017-11-13
1722807,2017-11-13
1722808,2017-11-13
1722809,2017-11-13
1722810,2017-11-13
1722811,2017-11-13
1722812,2017-11-13
1722813,2017-11-13
1722814,2017-11-13
1722815,2017-11-13
1722816,2017-11-13
1722817,2017-11-13
1722818,2017-11-13
1722819,2017-11-13
1722820,2017-11-13
1722821,2017-11-13
1722822,2017-11-13
1722823,2017-11-13
1722824,2017-11-13
1722825,2017-11-13
1722826,2017-11-13
1722827,2017-11-13
1722828,2017-11-14
1722829,2017-11-14
1722830,2017-11-14
1722831,2017-11-14
1722832,2017-11-14
1722833,2017-11-14
1722834,2017-11-14
1722835,2017-11-14
1722836,2017-11-14
1722837,2017-11-14
1722838,2017-11-14
1722839,2017-11-14
1722840,2017-11-14
1722841,2017-11-14
1722842,2017-11-14
1722843,2017-11-14
1722844,2017-11-14
1722845,2017-11-14
1722846,2017-11-14
1722847,2017-11-14
1722848,2017-11-14
1722849,2017-11-14
1722850,2017-11-14
1722851,2017-11-14
1722852,2017-11-14
1722853,2017-11-14
1722854,2017-11-14
1722855,2017-11-14
1722856,2017-11-14
1722857,2017-11-14
1722858,2017-11-14
1722859,2017-11-14
1722860,2017-11-14
1722861,2017-11-14
1722862,2017-11-14
1722863,2017-11-14
1722864,2017-11-14
1722865,2017-11-14
1722866,2017-11-14
1722867,2017-11-14
1722868,2017-11-14
1722869,2017-11-14
1722870,2017-11-14
1722871,2017-11-14
1722872,2017-11-14
1722873,2017-11-14
1722874,2017-11-14
1722875,2017-11-14
1722876,2017-11-14
1722877,2017-11-14
1722878,2017-11-14
1722879,2017-11-14
1722880,2017-11-14
1722881,2017-11-14
1722882,2017-11-14
1722883,2017-11-14
1722884,2017-11-14
1722885,2017-11-14
1722886,2017-11-14
1722887,2017-11-14
1722888,2017-11-14
1722889,2017-11-14
1722890,2017-11-14
1722891,2017-11-14
1722892,2017-11-14
1722893,2017-11-14
1722894,2017-11-14
1722895,2017-11-14
1722896,2017-11-14
1722897,2017-11-14
1722898,2017-11-14
1722899,2017-11-14
1722900,2017-11-14
1722901,2017-11-14
1722902,2017-11-14
1722903,2017-11-14
1722904,2017-11-14
1722905,2017-11-14
1722906,2017-11-14
1722907,2017-11-14
1722908,2017-11-14
1722909,2017-11-14
1722910,2017-11-14
1722911,2017-11-14
1722912,2017-11-14
1722913,2017-11-14
1722914,2017-11-15
1722915,2017-11-15
1722916,2017-11-15
1722917,2017-11-15
1722918,2017-11-15
1722919,2017-11-15
1722920,2017-11-15
1722921,2017-11-15
1722922,2017-11-15
1722923,2017-11-15
1722924,2017-11-15
1722925,2017-11-15
1722926,2017-11-15
1722927,2017-11-15
1722928,2017-11-15
1722929,2017-11-15
1722930,2017-11-15
1722931,2017-11-15
1722932,2017-11-15
1722933,2017-11-15
1722934,2017-11-15
1722935,2017-11-15
1722936,2017-11-15
1722937,2017-11-15
1722938,2017-11-15
1722939,2017-11-15
1722940,2017-11-15
1722941,2017-11-15
1722942,2017-11-15
1722943,2017-11-15
1722944,2017-11-15
1722945,2017-11-15
1722946,2017-11-15
1722947,2017-11-15
1722948,2017-11-15
1722949,2017-11-15
1722950,2017-11-15
1722951,2017-11-15
1722952,2017-11-15
1722953,2017-11-15
1722954,2017-11-15
1722955,2017-11-15
1722956,2017-11-15
1722957,2017-11-15
1722958,2017-11-15
1722959,2017-11-15
1722960,2017-11-15
1722961,2017-11-15
1722962,2017-11-15
1722963,2017-11-15
1722964,2017-11-15
1722965,2017-11-15
1722966,2017-11-15
1722967,2017-11-15
1722968,2017-11-15
1722969,2017-11-15
1722970,2017-11-15
1722971,2017-11-15
1722972,2017-11-15
1722973,2017-11-15
1722974,2017-11-15
1722975,2017-11-15
1722976,2017-11-15
1722977,2017-11-15
1722978,2017-11-15
1722979,2017-11-15
1722980,2017-11-15
1722981,2017-11-15
1722982,2017-11-15
1722983,2017-11-15
1722984,2017-11-15
1722985,2017-11-15
1722986,2017-11-15
1722987,2017-11-15
1722988,2017-11-15
1722989,2017-11-15
1722990,2017-11-16
1722991,2017-11-16
1722992,2017-11-16
1722993,2017-11-16
1722994,2017-11-16
1722995,2017-11-16
1722996,2017-11-16
1722997,2017-11-16
1722998,2017-11-16
1722999,2017-11-16
1723000,2017-11-16
1723001,2017-11-16
1723002,2017-11-16
1723003,2017-11-16
1723004,2017-11-16
1723005,2017-11-16
1723006,2017-11-16
1723007,2017-11-16
1723008,2017-11-16
1723009,2017-11-16
1723010,2017-11-16
1723011,2017-11-16
1723012,2017-11-16
1723013,2017-11-16
1723014,2017-11-16
1723015,2017-11-16
1723016,2017-11-16
1723017,2017-11-16
1723018,2017-11-16
1723019,2017-11-16
1723020,2017-11-16
1723021,2017-11-16
1723022,2017-11-16
1723023,2017-11-16
1723024,2017-11-16
1723025,2017-11-16
1723026,2017-11-16
1723027,2017-11-16
1723028,2017-11-16
1723029,2017-11-16
1723030,2017-11-16
1723031,2017-11-16
1723032,2017-11-16
1723033,2017-11-16
1723034,2017-11-16
1723035,2017-11-16
1723036,2017-11-16
1723037,2017-11-16
1723038,2017-11-16
1723039,2017-11-16
1723040,2017-11-16
1723041,2017-11-16
1723042,2017-11-16
1723043,2017-11-16
1723044,2017-11-16
1723045,2017-11-16
1723046,2017-11-16
1723047,2017-11-16
1723048,2017-11-16
1723049,2017-11-16
1723050,2017-11-16
1723051,2017-11-16
1723052,2017-11-16
1723053,2017-11-16
1723054,2017-11-16
1723055,2017-11-16
1723056,2017-11-16
1723057,2017-11-16
1723058,2017-11-16
1723059,2017-11-16
1723060,2017-11-16
1723061,2017-11-16
1723062,2017-11-16
1723063,2017-11-16
1723064,2017-11-16
1723065,2017-11-16
1723066,2017-11-16
1723067,2017-11-16
1723068,2017-11-16
1723069,2017-11-16
1723070,2017-11-16
1723071,2017-11-16
1723072,2017-11-16
1723073,2017-11-16
1723074,2017-11-16
1723075,2017-11-16
1723076,2017-11-16
1723077,2017-11-16
1723078,2017-11-16
1723079,2017-11-16
1723080,2017-11-16
1723081,2017-11-16
1723082,2017-11-16
1723083,2017-11-16
1723084,2017-11-16
1723085,2017-11-16
1723086,2017-11-16
1723087,2017-11-16
1723088,2017-11-16
1723089,2017-11-16
1723090,2017-11-16
1723091,2017-11-16
1723092,2017-11-16
1723093,2017-11-16
1723094,2017-11-16
1723095,2017-11-16
1723096,2017-11-16
1723097,2017-11-16
1723098,2017-11-16
1723099,2017-11-16
1723100,2017-11-16
1723101,2017-11-16
1723102,2017-11-16
1723103,2017-11-16
1723104,2017-11-16
1723105,2017-11-16
1723106,2017-11-16
1723107,2017-11-16
1723108,2017-11-16
1723109,2017-11-16
1723110,2017-11-16
1723111,2017-11-16
1723112,2017-11-16
1723113,2017-11-16
1723114,2017-11-16
1723115,2017-11-16
1723116,2017-11-16
1723117,2017-11-16
1723118,2017-11-17
1723119,2017-11-17
1723120,2017-11-17
1723121,2017-11-17
1723122,2017-11-17
1723123,2017-11-17
1723124,2017-11-17
1723125,2017-11-17
1723126,2017-11-17
1723127,2017-11-17
1723128,2017-11-17
1723129,2017-11-17
1723130,2017-11-17
1723131,2017-11-17
1723132,2017-11-17
1723133,2017-11-17
1723134,2017-11-17
1723135,2017-11-17
1723136,2017-11-17
1723137,2017-11-17
1723138,2017-11-17
1723139,2017-11-17
1723140,2017-11-17
1723141,2017-11-17
1723142,2017-11-17
1723143,2017-11-17
1723144,2017-11-17
1723145,2017-11-17
1723146,2017-11-17
1723147,2017-11-17
1723148,2017-11-17
1723149,2017-11-17
1723150,2017-11-17
1723151,2017-11-17
1723152,2017-11-17
1723153,2017-11-17
1723154,2017-11-17
1723155,2017-11-17
1723156,2017-11-17
1723157,2017-11-17
1723158,2017-11-17
1723159,2017-11-17
1723160,2017-11-17
1723161,2017-11-17
1723162,2017-11-17
1723163,2017-11-17
1723164,2017-11-17
1723165,2017-11-17
1723166,2017-11-17
1723167,2017-11-17
1723168,2017-11-17
1723169,2017-11-17
1723170,2017-11-17
1723171,2017-11-17
1723172,2017-11-17
1723173,2017-11-17
1723174,2017-11-17
1723175,2017-11-17
1723176,2017-11-17
1723177,2017-11-17
1723178,2017-11-17
1723179,2017-11-17
1723180,2017-11-17
1723181,2017-11-17
1723182,2017-11-17
1723183,2017-11-17
1723184,2017-11-17
1723185,2017-11-17
1723186,2017-11-17
1723187,2017-11-17
1723188,2017-11-17
1723189,2017-11-17
1723190,2017-11-17
1723191,2017-11-17
1723192,2017-11-17
1723193,2017-11-17
1723194,2017-11-17
1723195,2017-11-17
1723196,2017-11-17
1723197,2017-11-17
1723198,2017-11-17
1723199,2017-11-17
1723200,2017-11-17
1723201,2017-11-17
1723202,2017-11-17
1723203,2017-11-17
1723204,2017-11-17
1723205,2017-11-17
1723206,2017-11-18
1723207,2017-11-18
1723208,2017-11-18
1723209,2017-11-18
1723210,2017-11-18
1723211,2017-11-18
1723212,2017-11-18
1723213,2017-11-18
1723214,2017-11-18
1723215,2017-11-18
1723216,2017-11-18
1723217,2017-11-18
1723218,2017-11-18
1723219,2017-11-18
1723220,2017-11-18
1723221,2017-11-18
1723222,2017-11-18
1723223,2017-11-18
1723224,2017-11-18
1723225,2017-11-18
1723226,2017-11-18
1723227,2017-11-18
1723228,2017-11-18
1723229,2017-11-18
1723230,2017-11-18
1723231,2017-11-18
1723232,2017-11-18
1723233,2017-11-18
1723234,2017-11-18
1723235,2017-11-19
1723236,2017-11-19
1723237,2017-11-19
1723238,2017-11-19
1723239,2017-11-19
1723240,2017-11-19
1723241,2017-11-19
1723242,2017-11-19
1723243,2017-11-19
1723244,2017-11-19
1723245,2017-11-19
1723246,2017-11-19
1723247,2017-11-19
1723248,2017-11-19
1723249,2017-11-19
1723250,2017-11-19
1723251,2017-11-19
1723252,2017-11-19
1723253,2017-11-19
1723254,2017-11-19
1723255,2017-11-19
1723256,2017-11-19
1723257,2017-11-19
1723258,2017-11-19
1723259,2017-11-19
1723260,2017-11-19
1723261,2017-11-19
1723262,2017-11-19
1723263,2017-11-19
1723264,2017-11-19
1723265,2017-11-19
1723266,2017-11-19
1723267,2017-11-19
1723268,2017-11-19
1723269,2017-11-19
1723270,2017-11-19
1723271,2017-11-19
1723272,2017-11-19
1723273,2017-11-19
1723274,2017-11-19
1723275,2017-11-19
1723276,2017-11-19
1723277,2017-11-19
1723278,2017-11-19
1723279,2017-11-19
1723280,2017-11-19
1723281,2017-11-20
1723282,2017-11-20
1723283,2017-11-20
1723284,2017-11-20
1723285,2017-11-20
1723286,2017-11-20
1723287,2017-11-20
1723288,2017-11-20
1723289,2017-11-20
1723290,2017-11-20
1723291,2017-11-20
1723292,2017-11-20
1723293,2017-11-20
1723294,2017-11-20
1723295,2017-11-20
1723296,2017-11-20
1723297,2017-11-20
1723298,2017-11-20
1723299,2017-11-20
1723300,2017-11-20
1723301,2017-11-20
1723302,2017-11-20
1723303,2017-11-20
1723304,2017-11-20
1723305,2017-11-20
1723306,2017-11-20
1723307,2017-11-20
1723308,2017-11-20
1723309,2017-11-20
1723310,2017-11-20
1723311,2017-11-20
1723312,2017-11-20
1723313,2017-11-20
1723314,2017-11-20
1723315,2017-11-20
1723316,2017-11-20
1723317,2017-11-20
1723318,2017-11-20
1723319,2017-11-20
1723320,2017-11-20
1723321,2017-11-20
1723322,2017-11-20
1723323,2017-11-20
1723324,2017-11-20
1723325,2017-11-20
1723326,2017-11-20
1723327,2017-11-20
1723328,2017-11-20
1723329,2017-11-20
1723330,2017-11-20
1723331,2017-11-20
1723332,2017-11-20
1723333,2017-11-20
1723334,2017-11-20
1723335,2017-11-20
1723336,2017-11-20
1723337,2017-11-20
1723338,2017-11-20
1723339,2017-11-20
1723340,2017-11-20
1723341,2017-11-20
1723342,2017-11-20
1723343,2017-11-20
1723344,2017-11-20
1723345,2017-11-20
1723346,2017-11-20
1723347,2017-11-20
1723348,2017-11-20
1723349,2017-11-20
1723350,2017-11-20
1723351,2017-11-20
1723352,2017-11-20
1723353,2017-11-20
1723354,2017-11-20
1723355,2017-11-20
1723356,2017-11-20
1723357,2017-11-20
1723358,2017-11-20
1723359,2017-11-20
1723360,2017-11-20
1723361,2017-11-20
1723362,2017-11-20
1723363,2017-11-20
1723364,2017-11-20
1723365,2017-11-20
1723366,2017-11-20
1723367,2017-11-20
1723368,2017-11-21
1723369,2017-11-21
1723370,2017-11-21
1723371,2017-11-21
1723372,2017-11-21
1723373,2017-11-21
1723374,2017-11-21
1723375,2017-11-21
1723376,2017-11-21
1723377,2017-11-21
1723378,2017-11-21
1723379,2017-11-21
1723380,2017-11-21
1723381,2017-11-21
1723382,2017-11-21
1723383,2017-11-21
1723384,2017-11-21
1723385,2017-11-21
1723386,2017-11-21
1723387,2017-11-21
1723388,2017-11-21
1723389,2017-11-21
1723390,2017-11-21
1723391,2017-11-21
1723392,2017-11-21
1723393,2017-11-21
1723394,2017-11-21
1723395,2017-11-21
1723396,2017-11-21
1723397,2017-11-21
1723398,2017-11-21
1723399,2017-11-21
1723400,2017-11-21
1723401,2017-11-21
1723402,2017-11-21
1723403,2017-11-21
1723404,2017-11-21
1723405,2017-11-21
1723406,2017-11-21
1723407,2017-11-21
1723408,2017-11-21
1723409,2017-11-21
1723410,2017-11-21
1723411,2017-11-21
1723412,2017-11-21
1723413,2017-11-21
1723414,2017-11-21
1723415,2017-11-21
1723416,2017-11-21
1723417,2017-11-21
1723418,2017-11-21
1723419,2017-11-21
1723420,2017-11-21
1723421,2017-11-21
1723422,2017-11-21
1723423,2017-11-21
1723424,2017-11-21
1723425,2017-11-21
1723426,2017-11-21
1723427,2017-11-21
1723428,2017-11-21
1723429,2017-11-21
1723430,2017-11-21
1723431,2017-11-21
1723432,2017-11-21
1723433,2017-11-21
1723434,2017-11-21
1723435,2017-11-21
1723436,2017-11-21
1723437,2017-11-21
1723438,2017-11-21
1723439,2017-11-21
1723440,2017-11-21
1723441,2017-11-21
1723442,2017-11-21
1723443,2017-11-21
1723444,2017-11-22
1723445,2017-11-22
1723446,2017-11-22
1723447,2017-11-22
1723448,2017-11-22
1723449,2017-11-22
1723450,2017-11-22
1723451,2017-11-22
1723452,2017-11-22
1723453,2017-11-22
1723454,2017-11-22
1723455,2017-11-22
1723456,2017-11-22
1723457,2017-11-22
1723458,2017-11-22
1723459,2017-11-22
1723460,2017-11-22
1723461,2017-11-22
1723462,2017-11-22
1723463,2017-11-22
1723464,2017-11-22
1723465,2017-11-22
1723466,2017-11-22
1723467,2017-11-22
1723468,2017-11-22
1723469,2017-11-22
1723470,2017-11-22
1723471,2017-11-22
1723472,2017-11-22
1723473,2017-11-22
1723474,2017-11-22
1723475,2017-11-22
1723476,2017-11-22
1723477,2017-11-22
1723478,2017-11-22
1723479,2017-11-22
1723480,2017-11-22
1723481,2017-11-22
1723482,2017-11-22
1723483,2017-11-22
1723484,2017-11-22
1723485,2017-11-22
1723486,2017-11-22
1723487,2017-11-22
1723488,2017-11-22
1723489,2017-11-22
1723490,2017-11-22
1723491,2017-11-22
1723492,2017-11-22
1723493,2017-11-22
1723494,2017-11-22
1723495,2017-11-22
1723496,2017-11-22
1723497,2017-11-22
1723499,2017-11-22
1723500,2017-11-22
1723501,2017-11-22
1723502,2017-11-22
1723503,2017-11-22
1723504,2017-11-22
1723505,2017-11-22
1723506,2017-11-22
1723507,2017-11-22
1723508,2017-11-22
1723509,2017-11-22
1723510,2017-11-22
1723511,2017-11-22
1723512,2017-11-22
1723513,2017-11-22
1723514,2017-11-22
1723515,2017-11-22
1723516,2017-11-23
1723517,2017-11-23
1723518,2017-11-23
1723519,2017-11-23
1723520,2017-11-23
1723521,2017-11-23
1723522,2017-11-23
1723523,2017-11-23
1723524,2017-11-23
1723525,2017-11-23
1723526,2017-11-23
1723527,2017-11-23
1723528,2017-11-23
1723529,2017-11-23
1723530,2017-11-23
1723531,2017-11-23
1723532,2017-11-23
1723533,2017-11-23
1723534,2017-11-23
1723535,2017-11-23
1723536,2017-11-23
1723537,2017-11-23
1723538,2017-11-23
1723539,2017-11-23
1723540,2017-11-23
1723541,2017-11-23
1723542,2017-11-23
1723543,2017-11-23
1723544,2017-11-23
1723545,2017-11-23
1723546,2017-11-23
1723547,2017-11-23
1723548,2017-11-23
1723549,2017-11-23
1723550,2017-11-23
1723551,2017-11-23
1723552,2017-11-23
1723553,2017-11-23
1723554,2017-11-23
1723555,2017-11-23
1723556,2017-11-23
1723557,2017-11-23
1723558,2017-11-23
1723559,2017-11-23
1723560,2017-11-23
1723561,2017-11-23
1723562,2017-11-23
1723563,2017-11-23
1723564,2017-11-24
1723565,2017-11-24
1723566,2017-11-24
1723567,2017-11-24
1723568,2017-11-24
1723569,2017-11-24
1723570,2017-11-24
1723571,2017-11-24
1723572,2017-11-24
1723573,2017-11-24
1723574,2017-11-24
1723575,2017-11-24
1723576,2017-11-24
1723577,2017-11-24
1723578,2017-11-24
1723579,2017-11-24
1723580,2017-11-24
1723581,2017-11-24
1723582,2017-11-24
1723583,2017-11-24
1723584,2017-11-24
1723585,2017-11-24
1723586,2017-11-24
1723587,2017-11-24
1723588,2017-11-24
1723589,2017-11-24
1723590,2017-11-24
1723591,2017-11-24
1723592,2017-11-24
1723593,2017-11-24
1723594,2017-11-24
1723595,2017-11-24
1723596,2017-11-25
1723597,2017-11-25
1723598,2017-11-25
1723599,2017-11-25
1723600,2017-11-25
1723601,2017-11-25
1723602,2017-11-25
1723603,2017-11-25
1723604,2017-11-25
1723605,2017-11-25
1723606,2017-11-25
1723607,2017-11-25
1723608,2017-11-25
1723609,2017-11-25
1723610,2017-11-25
1723611,2017-11-25
1723612,2017-11-25
1723613,2017-11-25
1723614,2017-11-25
1723615,2017-11-25
1723616,2017-11-25
1723617,2017-11-25
1723618,2017-11-25
1723619,2017-11-25
1723620,2017-11-25
1723621,2017-11-25
1723622,2017-11-25
1723623,2017-11-25
1723624,2017-11-25
1723625,2017-11-25
1723626,2017-11-25
1723627,2017-11-25
1723628,2017-11-25
1723629,2017-11-25
1723630,2017-11-25
1723631,2017-11-25
1723632,2017-11-26
1723633,2017-11-26
1723634,2017-11-26
1723635,2017-11-26
1723636,2017-11-26
1723637,2017-11-26
1723638,2017-11-26
1723639,2017-11-26
1723640,2017-11-26
1723641,2017-11-26
1723642,2017-11-26
1723643,2017-11-26
1723644,2017-11-26
1723645,2017-11-26
1723646,2017-11-26
1723647,2017-11-26
1723648,2017-11-26
1723649,2017-11-26
1723650,2017-11-26
1723651,2017-11-26
1723652,2017-11-26
1723653,2017-11-26
1723654,2017-11-26
1723655,2017-11-26
1723656,2017-11-26
1723657,2017-11-26
1723658,2017-11-26
1723659,2017-11-26
1723660,2017-11-26
1723661,2017-11-26
1723662,2017-11-26
1723663,2017-11-26
1723664,2017-11-26
1723665,2017-11-26
1723666,2017-11-27
1723667,2017-11-27
1723668,2017-11-27
1723669,2017-11-27
1723670,2017-11-27
1723671,2017-11-27
1723672,2017-11-27
1723673,2017-11-27
1723674,2017-11-27
1723675,2017-11-27
1723676,2017-11-27
1723677,2017-11-27
1723678,2017-11-27
1723679,2017-11-27
1723680,2017-11-27
1723681,2017-11-27
1723682,2017-11-27
1723683,2017-11-27
1723684,2017-11-27
1723685,2017-11-27
1723686,2017-11-27
1723687,2017-11-27
1723688,2017-11-27
1723689,2017-11-27
1723690,2017-11-27
1723691,2017-11-27
1723692,2017-11-27
1723693,2017-11-27
1723694,2017-11-27
1723695,2017-11-27
1723696,2017-11-27
1723697,2017-11-27
1723698,2017-11-27
1723699,2017-11-27
1723700,2017-11-27
1723701,2017-11-27
1723702,2017-11-27
1723703,2017-11-27
1723704,2017-11-27
1723705,2017-11-27
1723706,2017-11-27
1723707,2017-11-27
1723708,2017-11-27
1723709,2017-11-27
1723710,2017-11-27
1723711,2017-11-27
1723712,2017-11-27
1723713,2017-11-27
1723714,2017-11-27
1723715,2017-11-27
1723716,2017-11-27
1723717,2017-11-27
1723718,2017-11-27
1723719,2017-11-27
1723720,2017-11-27
1723721,2017-11-27
1723722,2017-11-28
1723723,2017-11-28
1723724,2017-11-28
1723725,2017-11-28
1723726,2017-11-28
1723727,2017-11-28
1723728,2017-11-28
1723729,2017-11-28
1723730,2017-11-28
1723731,2017-11-28
1723732,2017-11-28
1723733,2017-11-28
1723734,2017-11-28
1723735,2017-11-28
1723736,2017-11-28
1723737,2017-11-28
1723738,2017-11-28
1723739,2017-11-28
1723740,2017-11-28
1723741,2017-11-28
1723742,2017-11-28
1723743,2017-11-28
1723744,2017-11-28
1723745,2017-11-28
1723746,2017-11-28
1723747,2017-11-28
1723748,2017-11-28
1723749,2017-11-28
1723750,2017-11-28
1723751,2017-11-28
1723752,2017-11-28
1723753,2017-11-28
1723754,2017-11-28
1723755,2017-11-28
1723756,2017-11-28
1723757,2017-11-28
1723758,2017-11-28
1723759,2017-11-28
1723760,2017-11-28
1723761,2017-11-28
1723762,2017-11-28
1723763,2017-11-28
1723764,2017-11-28
1723765,2017-11-28
1723766,2017-11-28
1723767,2017-11-28
1723768,2017-11-28
1723769,2017-11-28
1723770,2017-11-28
1723771,2017-11-28
1723772,2017-11-28
1723773,2017-11-28
1723774,2017-11-28
1723775,2017-11-28
1723776,2017-11-28
1723777,2017-11-28
1723778,2017-11-28
1723779,2017-11-28
1723780,2017-11-28
1723781,2017-11-28
1723782,2017-11-28
1723783,2017-11-28
1723784,2017-11-28
1723785,2017-11-28
1723786,2017-11-28
1723787,2017-11-28
1723788,2017-11-28
1723789,2017-11-28
1723790,2017-11-28
1723791,2017-11-29
1723792,2017-11-29
1723793,2017-11-29
1723794,2017-11-29
1723795,2017-11-29
1723796,2017-11-29
1723797,2017-11-29
1723798,2017-11-29
1723799,2017-11-29
1723800,2017-11-29
1723801,2017-11-29
1723802,2017-11-29
1723803,2017-11-29
1723804,2017-11-29
1723805,2017-11-29
1723806,2017-11-29
1723807,2017-11-29
1723808,2017-11-29
1723809,2017-11-29
1723810,2017-11-29
1723811,2017-11-29
1723812,2017-11-29
1723813,2017-11-29
1723814,2017-11-29
1723815,2017-11-29
1723816,2017-11-29
1723817,2017-11-29
1723818,2017-11-29
1723819,2017-11-29
1723820,2017-11-29
1723821,2017-11-29
1723822,2017-11-29
1723823,2017-11-29
1723824,2017-11-29
1723825,2017-11-29
1723826,2017-11-29
1723827,2017-11-29
1723828,2017-11-29
1723829,2017-11-29
1723830,2017-11-29
1723831,2017-11-29
1723832,2017-11-29
1723833,2017-11-29
1723834,2017-11-29
1723835,2017-11-29
1723836,2017-11-29
1723837,2017-11-29
1723838,2017-11-29
1723839,2017-11-29
1723840,2017-11-29
1723841,2017-11-29
1723842,2017-11-29
1723843,2017-11-29
1723844,2017-11-29
1723845,2017-11-29
1723846,2017-11-29
1723847,2017-11-29
1723848,2017-11-29
1723849,2017-11-29
1723850,2017-11-29
1723851,2017-11-29
1723852,2017-11-29
1723853,2017-11-29
1723854,2017-11-29
1723855,2017-11-29
1723856,2017-11-29
1723857,2017-11-29
1723858,2017-11-29
1723859,2017-11-29
1723860,2017-11-29
1723861,2017-11-29
1723862,2017-11-29
1723863,2017-11-29
1723864,2017-11-29
1723865,2017-11-29
1723866,2017-11-29
1723867,2017-11-29
1723868,2017-11-29
1723869,2017-11-29
1723870,2017-11-29
1723871,2017-11-29
1723872,2017-11-29
1723873,2017-11-29
1723874,2017-11-29
1723875,2017-11-29
1723876,2017-11-29
1723877,2017-11-29
1723878,2017-11-29
1723879,2017-11-29
1723880,2017-11-29
1723881,2017-11-29
1723882,2017-11-29
1723883,2017-11-29
1723884,2017-11-29
1723885,2017-11-29
1723886,2017-11-30
1723887,2017-11-30
1723888,2017-11-30
1723889,2017-11-30
1723890,2017-11-30
1723891,2017-11-30
1723892,2017-11-30
1723893,2017-11-30
1723894,2017-11-30
1723895,2017-11-30
1723896,2017-11-30
1723897,2017-11-30
1723898,2017-11-30
1723899,2017-11-30
1723900,2017-11-30
1723901,2017-11-30
1723902,2017-11-30
1723903,2017-11-30
1723904,2017-11-30
1723905,2017-11-30
1723906,2017-11-30
1723907,2017-11-30
1723908,2017-11-30
1723909,2017-11-30
1723910,2017-11-30
1723911,2017-11-30
1723912,2017-11-30
1723913,2017-11-30
1723914,2017-11-30
1723915,2017-11-30
1723916,2017-11-30
1723917,2017-11-30
1723918,2017-11-30
1723919,2017-11-30
1723920,2017-11-30
1723921,2017-11-30
1723922,2017-11-30
1723923,2017-11-30
1723924,2017-11-30
1723925,2017-11-30
1723926,2017-11-30
1723927,2017-11-30
1723928,2017-11-30
1723929,2017-11-30
1723930,2017-11-30
1723931,2017-11-30
1723932,2017-11-30
1723933,2017-11-30
1723934,2017-11-30
1723935,2017-11-30
1723936,2017-11-30
1723937,2017-11-30
1723938,2017-11-30
1723939,2017-11-30
1723940,2017-11-30
1723941,2017-11-30
1723942,2017-11-30
1723943,2017-11-30
1723944,2017-11-30
1723945,2017-11-30
1723946,2017-11-30
1723947,2017-11-30
1723948,2017-11-30
1723949,2017-11-30
1723950,2017-11-30
1723951,2017-11-30
1723952,2017-11-30
1723953,2017-11-30
1723954,2017-11-30
1723955,2017-11-30
1723956,2017-11-30
1723957,2017-11-30
1723958,2017-11-30
1723959,2017-11-30
1723960,2017-11-30
1723961,2017-11-30
1723962,2017-11-30
1723963,2017-11-30
1723964,2017-11-30
1723965,2017-11-30
1723966,2017-11-30
1723967,2017-11-30
1723968,2017-11-30
1723969,2017-11-30
1723970,2017-11-30
1723971,2017-11-30
1723972,2017-11-30
1723973,2017-11-30
1723974,2017-11-30
1723975,2017-11-30
1723976,2017-11-30
1723977,2017-11-30
1723978,2017-11-30
1723979,2017-11-30
1723980,2017-11-30
1723981,2017-11-30
1723982,2017-11-30
1723983,2017-11-30
1723984,2017-11-30
1723985,2017-11-30
1723986,2017-11-30
1723987,2017-12-01
1723988,2017-12-01
1723989,2017-12-01
1723990,2017-12-01
1723991,2017-12-01
1723992,2017-12-01
1723993,2017-12-01
1723994,2017-12-01
1723995,2017-12-01
1723996,2017-12-01
1723997,2017-12-01
1723998,2017-12-01
1723999,2017-12-01
1724000,2017-12-01
1724001,2017-12-01
1724002,2017-12-01
1724003,2017-12-01
1724004,2017-12-01
1724005,2017-12-01
1724006,2017-12-01
1724007,2017-12-01
1724008,2017-12-01
1724009,2017-12-01
1724010,2017-12-01
1724011,2017-12-01
1724012,2017-12-01
1724013,2017-12-01
1724014,2017-12-01
1724015,2017-12-01
1724016,2017-12-01
1724017,2017-12-01
1724018,2017-12-01
1724019,2017-12-01
1724020,2017-12-01
1724021,2017-12-01
1724022,2017-12-01
1724023,2017-12-01
1724024,2017-12-01
1724025,2017-12-01
1724026,2017-12-01
1724027,2017-12-01
1724028,2017-12-01
1724029,2017-12-01
1724030,2017-12-01
1724031,2017-12-01
1724032,2017-12-01
1724033,2017-12-01
1724034,2017-12-01
1724035,2017-12-01
1724036,2017-12-01
1724037,2017-12-01
1724038,2017-12-01
1724039,2017-12-01
1724040,2017-12-01
1724041,2017-12-01
1724042,2017-12-01
1724043,2017-12-01
1724044,2017-12-01
1724045,2017-12-01
1724046,2017-12-01
1724047,2017-12-01
1724048,2017-12-01
1724049,2017-12-01
1724050,2017-12-01
1724051,2017-12-01
1724052,2017-12-01
1724053,2017-12-01
1724054,2017-12-01
1724055,2017-12-01
1724056,2017-12-01
1724057,2017-12-01
1724058,2017-12-01
1724059,2017-12-01
1724060,2017-12-01
1724061,2017-12-01
1724062,2017-12-01
1724063,2017-12-01
1724064,2017-12-01
1724065,2017-12-01
1724066,2017-12-01
1724067,2017-12-01
1724068,2017-12-01
1724069,2017-12-01
1724070,2017-12-01
1724071,2017-12-01
1724072,2017-12-01
1724073,2017-12-01
1724074,2017-12-01
1724075,2017-12-01
1724076,2017-12-01
1724077,2017-12-01
1724078,2017-12-01
1724079,2017-12-01
1724080,2017-12-01
1724081,2017-12-01
1724082,2017-12-01
1724083,2017-12-01
1724084,2017-12-01
1724085,2017-12-01
1724086,2017-12-01
1724087,2017-12-01
1724088,2017-12-01
1724089,2017-12-01
1724090,2017-12-01
1724091,2017-12-01
1724092,2017-12-01
1724093,2017-12-01
1724094,2017-12-02
1724095,2017-12-02
1724096,2017-12-02
1724097,2017-12-02
1724098,2017-12-02
1724099,2017-12-02
1724100,2017-12-02
1724101,2017-12-02
1724102,2017-12-02
1724103,2017-12-02
1724104,2017-12-02
1724105,2017-12-02
1724106,2017-12-02
1724107,2017-12-02
1724108,2017-12-02
1724109,2017-12-02
1724110,2017-12-02
1724111,2017-12-02
1724112,2017-12-02
1724113,2017-12-02
1724114,2017-12-02
1724115,2017-12-02
1724116,2017-12-02
1724117,2017-12-02
1724118,2017-12-02
1724119,2017-12-02
1724120,2017-12-02
1724121,2017-12-02
1724122,2017-12-02
1724123,2017-12-02
1724124,2017-12-02
1724125,2017-12-02
1724126,2017-12-02
1724127,2017-12-02
1724128,2017-12-02
1724129,2017-12-02
1724130,2017-12-02
1724131,2017-12-02
1724132,2017-12-02
1724133,2017-12-02
1724134,2017-12-02
1724135,2017-12-02
1724136,2017-12-02
1724137,2017-12-02
1724138,2017-12-02
1724139,2017-12-02
1724140,2017-12-02
1724141,2017-12-03
1724142,2017-12-03
1724143,2017-12-03
1724144,2017-12-03
1724145,2017-12-03
1724146,2017-12-03
1724147,2017-12-03
1724148,2017-12-03
1724149,2017-12-03
1724150,2017-12-03
1724151,2017-12-03
1724152,2017-12-03
1724153,2017-12-03
1724154,2017-12-03
1724155,2017-12-03
1724156,2017-12-03
1724157,2017-12-03
1724158,2017-12-03
1724159,2017-12-03
1724160,2017-12-03
1724161,2017-12-03
1724162,2017-12-03
1724163,2017-12-03
1724164,2017-12-03
1724165,2017-12-03
1724166,2017-12-03
1724167,2017-12-03
1724168,2017-12-03
1724169,2017-12-03
1724170,2017-12-03
1724171,2017-12-04
1724172,2017-12-04
1724173,2017-12-04
1724174,2017-12-04
1724175,2017-12-04
1724176,2017-12-04
1724177,2017-12-04
1724178,2017-12-04
1724179,2017-12-04
1724180,2017-12-04
1724181,2017-12-04
1724182,2017-12-04
1724183,2017-12-04
1724184,2017-12-04
1724185,2017-12-04
1724186,2017-12-04
1724187,2017-12-04
1724188,2017-12-04
1724189,2017-12-04
1724190,2017-12-04
1724191,2017-12-04
1724192,2017-12-04
1724193,2017-12-04
1724194,2017-12-04
1724195,2017-12-04
1724196,2017-12-04
1724197,2017-12-04
1724198,2017-12-04
1724199,2017-12-04
1724200,2017-12-04
1724201,2017-12-04
1724203,2017-12-04
1724204,2017-12-04
1724205,2017-12-04
1724206,2017-12-04
1724207,2017-12-04
1724208,2017-12-04
1724209,2017-12-04
1724210,2017-12-04
1724211,2017-12-04
1724212,2017-12-04
1724213,2017-12-04
1724214,2017-12-04
1724215,2017-12-04
1724216,2017-12-04
1724217,2017-12-04
1724218,2017-12-04
1724219,2017-12-04
1724220,2017-12-04
1724221,2017-12-04
1724222,2017-12-04
1724223,2017-12-04
1724224,2017-12-04
1724225,2017-12-04
1724226,2017-12-04
1724227,2017-12-04
1724228,2017-12-04
1724229,2017-12-04
1724230,2017-12-04
1724231,2017-12-04
1724232,2017-12-04
1724233,2017-12-04
1724234,2017-12-04
1724235,2017-12-04
1724236,2017-12-04
1724237,2017-12-04
1724238,2017-12-04
1724239,2017-12-04
1724240,2017-12-04
1724241,2017-12-04
1724242,2017-12-04
1724243,2017-12-04
1724244,2017-12-04
1724245,2017-12-04
1724246,2017-12-04
1724247,2017-12-04
1724248,2017-12-04
1724249,2017-12-04
1724250,2017-12-05
1724251,2017-12-05
1724252,2017-12-05
1724253,2017-12-05
1724254,2017-12-05
1724255,2017-12-05
1724256,2017-12-05
1724257,2017-12-05
1724258,2017-12-05
1724259,2017-12-05
1724260,2017-12-05
1724261,2017-12-05
1724262,2017-12-05
1724263,2017-12-05
1724264,2017-12-05
1724265,2017-12-05
1724266,2017-12-05
1724267,2017-12-05
1724268,2017-12-05
1724269,2017-12-05
1724270,2017-12-05
1724271,2017-12-05
1724272,2017-12-05
1724273,2017-12-05
1724274,2017-12-05
1724275,2017-12-05
1724276,2017-12-05
1724277,2017-12-05
1724278,2017-12-05
1724279,2017-12-05
1724280,2017-12-05
1724281,2017-12-05
1724282,2017-12-05
1724283,2017-12-05
1724284,2017-12-05
1724285,2017-12-05
1724286,2017-12-05
1724287,2017-12-05
1724288,2017-12-05
1724289,2017-12-05
1724290,2017-12-05
1724291,2017-12-05
1724292,2017-12-05
1724293,2017-12-05
1724294,2017-12-05
1724295,2017-12-05
1724296,2017-12-05
1724297,2017-12-05
1724298,2017-12-05
1724299,2017-12-05
1724300,2017-12-05
1724301,2017-12-05
1724302,2017-12-05
1724303,2017-12-05
1724304,2017-12-05
1724305,2017-12-05
1724306,2017-12-05
1724307,2017-12-05
1724308,2017-12-05
1724309,2017-12-05
1724310,2017-12-05
1724311,2017-12-05
1724312,2017-12-05
1724313,2017-12-05
1724314,2017-12-05
1724315,2017-12-05
1724316,2017-12-05
1724317,2017-12-05
1724318,2017-12-05
1724319,2017-12-05
1724320,2017-12-05
1724321,2017-12-05
1724322,2017-12-05
1724323,2017-12-05
1724324,2017-12-05
1724325,2017-12-05
1724326,2017-12-05
1724327,2017-12-05
1724328,2017-12-05
1724329,2017-12-05
1724330,2017-12-05
1724331,2017-12-05
1724332,2017-12-05
1724333,2017-12-05
1724334,2017-12-05
1724335,2017-12-05
1724336,2017-12-05
1724337,2017-12-05
1724338,2017-12-05
1724339,2017-12-05
1724340,2017-12-05
1724341,2017-12-05
1724342,2017-12-05
1724343,2017-12-05
1724344,2017-12-05
1724345,2017-12-05
1724346,2017-12-05
1724347,2017-12-06
1724348,2017-12-06
1724349,2017-12-06
1724350,2017-12-06
1724351,2017-12-06
1724352,2017-12-06
1724353,2017-12-06
1724354,2017-12-06
1724355,2017-12-06
1724356,2017-12-06
1724357,2017-12-06
1724358,2017-12-06
1724359,2017-12-06
1724360,2017-12-06
1724361,2017-12-06
1724362,2017-12-06
1724363,2017-12-06
1724364,2017-12-06
1724365,2017-12-06
1724366,2017-12-06
1724367,2017-12-06
1724368,2017-12-06
1724369,2017-12-06
1724370,2017-12-06
1724371,2017-12-06
1724372,2017-12-06
1724373,2017-12-06
1724374,2017-12-06
1724375,2017-12-06
1724376,2017-12-06
1724377,2017-12-06
1724378,2017-12-06
1724379,2017-12-06
1724380,2017-12-06
1724381,2017-12-06
1724382,2017-12-06
1724383,2017-12-06
1724384,2017-12-06
1724385,2017-12-06
1724386,2017-12-06
1724387,2017-12-06
1724388,2017-12-06
1724389,2017-12-06
1724390,2017-12-06
1724391,2017-12-06
1724392,2017-12-06
1724393,2017-12-06
1724394,2017-12-06
1724395,2017-12-06
1724396,2017-12-06
1724397,2017-12-06
1724398,2017-12-06
1724399,2017-12-06
1724400,2017-12-06
1724401,2017-12-06
1724402,2017-12-06
1724403,2017-12-06
1724404,2017-12-06
1724405,2017-12-06
1724406,2017-12-06
1724407,2017-12-06
1724408,2017-12-06
1724409,2017-12-06
1724410,2017-12-06
1724411,2017-12-06
1724412,2017-12-06
1724413,2017-12-06
1724414,2017-12-06
1724415,2017-12-06
1724416,2017-12-06
1724417,2017-12-06
1724418,2017-12-06
1724419,2017-12-06
1724420,2017-12-06
1724421,2017-12-06
1724422,2017-12-06
1724423,2017-12-06
1724424,2017-12-06
1724425,2017-12-06
1724426,2017-12-06
1724427,2017-12-06
1724428,2017-12-06
1724429,2017-12-06
1724430,2017-12-06
1724431,2017-12-06
1724432,2017-12-06
1724433,2017-12-06
1724434,2017-12-06
1724435,2017-12-07
1724436,2017-12-07
1724437,2017-12-07
1724438,2017-12-07
1724439,2017-12-07
1724440,2017-12-07
1724441,2017-12-07
1724442,2017-12-07
1724443,2017-12-07
1724444,2017-12-07
1724445,2017-12-07
1724446,2017-12-07
1724447,2017-12-07
1724448,2017-12-07
1724449,2017-12-07
1724450,2017-12-07
1724451,2017-12-07
1724452,2017-12-07
1724453,2017-12-07
1724454,2017-12-07
1724455,2017-12-07
1724456,2017-12-07
1724457,2017-12-07
1724458,2017-12-07
1724459,2017-12-07
1724460,2017-12-07
1724461,2017-12-07
1724462,2017-12-07
1724463,2017-12-07
1724464,2017-12-07
1724465,2017-12-07
1724466,2017-12-07
1724467,2017-12-07
1724468,2017-12-07
1724469,2017-12-07
1724470,2017-12-07
1724471,2017-12-07
1724472,2017-12-07
1724473,2017-12-07
1724474,2017-12-07
1724475,2017-12-07
1724476,2017-12-07
1724477,2017-12-07
1724478,2017-12-07
1724479,2017-12-07
1724480,2017-12-07
1724481,2017-12-07
1724482,2017-12-07
1724483,2017-12-07
1724484,2017-12-07
1724485,2017-12-07
1724486,2017-12-07
1724487,2017-12-07
1724488,2017-12-07
1724489,2017-12-07
1724490,2017-12-07
1724491,2017-12-07
1724492,2017-12-07
1724493,2017-12-07
1724494,2017-12-07
1724495,2017-12-07
1724496,2017-12-07
1724497,2017-12-07
1724498,2017-12-07
1724499,2017-12-07
1724500,2017-12-07
1724501,2017-12-07
1724502,2017-12-07
1724503,2017-12-07
1724504,2017-12-07
1724505,2017-12-07
1724506,2017-12-07
1724507,2017-12-07
1724508,2017-12-07
1724509,2017-12-07
1724510,2017-12-07
1724511,2017-12-07
1724512,2017-12-07
1724513,2017-12-07
1724514,2017-12-07
1724515,2017-12-07
1724516,2017-12-07
1724517,2017-12-07
1724518,2017-12-07
1724519,2017-12-07
1724520,2017-12-07
1724521,2017-12-07
1724522,2017-12-07
1724523,2017-12-07
1724524,2017-12-07
1724525,2017-12-07
1724526,2017-12-07
1724527,2017-12-07
1724528,2017-12-07
1724529,2017-12-07
1724530,2017-12-08
1724531,2017-12-08
1724532,2017-12-08
1724533,2017-12-08
1724534,2017-12-08
1724535,2017-12-08
1724536,2017-12-08
1724537,2017-12-08
1724538,2017-12-08
1724539,2017-12-08
1724540,2017-12-08
1724541,2017-12-08
1724542,2017-12-08
1724543,2017-12-08
1724544,2017-12-08
1724545,2017-12-08
1724546,2017-12-08
1724547,2017-12-08
1724548,2017-12-08
1724549,2017-12-08
1724550,2017-12-08
1724551,2017-12-08
1724552,2017-12-08
1724553,2017-12-08
1724554,2017-12-08
1724555,2017-12-08
1724556,2017-12-08
1724557,2017-12-08
1724558,2017-12-08
1724559,2017-12-08
1724560,2017-12-08
1724561,2017-12-08
1724562,2017-12-08
1724563,2017-12-08
1724564,2017-12-08
1724565,2017-12-08
1724566,2017-12-08
1724567,2017-12-08
1724568,2017-12-08
1724569,2017-12-08
1724570,2017-12-08
1724571,2017-12-08
1724572,2017-12-09
1724573,2017-12-09
1724574,2017-12-09
1724575,2017-12-09
1724576,2017-12-09
1724577,2017-12-09
1724578,2017-12-09
1724579,2017-12-09
1724580,2017-12-09
1724581,2017-12-09
1724582,2017-12-09
1724583,2017-12-09
1724584,2017-12-09
1724585,2017-12-09
1724586,2017-12-09
1724587,2017-12-09
1724588,2017-12-09
1724589,2017-12-09
1724590,2017-12-09
1724591,2017-12-09
1724592,2017-12-09
1724593,2017-12-09
1724594,2017-12-09
1724595,2017-12-09
1724596,2017-12-09
1724597,2017-12-09
1724598,2017-12-09
1724599,2017-12-09
1724600,2017-12-09
1724601,2017-12-09
1724602,2017-12-09
1724603,2017-12-10
1724604,2017-12-10
1724605,2017-12-10
1724606,2017-12-10
1724607,2017-12-10
1724608,2017-12-10
1724609,2017-12-10
1724610,2017-12-10
1724611,2017-12-10
1724612,2017-12-10
1724613,2017-12-10
1724614,2017-12-10
1724615,2017-12-10
1724616,2017-12-10
1724617,2017-12-10
1724618,2017-12-10
1724619,2017-12-10
1724620,2017-12-10
1724621,2017-12-10
1724622,2017-12-10
1724623,2017-12-10
1724624,2017-12-10
1724625,2017-12-10
1724626,2017-12-10
1724627,2017-12-10
1724628,2017-12-10
1724629,2017-12-10
1724630,2017-12-10
1724631,2017-12-10
1724632,2017-12-10
1724633,2017-12-10
1724634,2017-12-10
1724635,2017-12-10
1724636,2017-12-10
1724637,2017-12-10
1724638,2017-12-10
1724639,2017-12-10
1724640,2017-12-10
1724641,2017-12-10
1724642,2017-12-10
1724643,
1724644,2017-12-10
1724645,2017-12-10
1724646,2017-12-10
1724647,2017-12-10
1724648,2017-12-10
1724649,2017-12-10
1724650,2017-12-10
1724651,2017-12-11
1724652,2017-12-11
1724653,2017-12-11
1724654,2017-12-11
1724655,2017-12-11
1724656,2017-12-11
1724657,2017-12-11
1724658,2017-12-11
1724659,2017-12-11
1724660,2017-12-11
1724661,2017-12-11
1724662,2017-12-11
1724663,2017-12-11
1724664,2017-12-11
1724665,2017-12-11
1724666,2017-12-11
1724667,2017-12-11
1724668,2017-12-11
1724669,2017-12-11
1724670,2017-12-11
1724671,2017-12-11
1724672,2017-12-11
1724673,2017-12-11
1724674,2017-12-11
1724675,2017-12-11
1724676,2017-12-11
1724677,2017-12-11
1724678,2017-12-11
1724679,2017-12-11
1724680,2017-12-11
1724681,2017-12-11
1724682,2017-12-11
1724683,2017-12-11
1724684,2017-12-11
1724685,2017-12-11
1724686,2017-12-11
1724687,2017-12-11
1724688,2017-12-11
1724689,2017-12-11
1724690,2017-12-11
1724691,2017-12-11
1724692,2017-12-11
1724693,2017-12-11
1724694,2017-12-11
1724695,2017-12-11
1724696,2017-12-11
1724697,2017-12-11
1724698,2017-12-11
1724699,2017-12-11
1724700,2017-12-11
1724701,2017-12-11
1724702,2017-12-11
1724703,2017-12-11
1724704,2017-12-11
1724705,2017-12-11
1724706,2017-12-11
1724707,2017-12-11
1724708,2017-12-11
1724709,2017-12-11
1724710,2017-12-11
1724711,2017-12-11
1724712,2017-12-11
1724713,2017-12-12
1724714,2017-12-12
1724715,2017-12-12
1724716,2017-12-12
1724717,2017-12-12
1724718,2017-12-12
1724719,2017-12-12
1724720,2017-12-12
1724721,2017-12-12
1724722,2017-12-12
1724723,2017-12-12
1724724,2017-12-12
1724725,2017-12-12
1724726,2017-12-12
1724727,2017-12-12
1724728,2017-12-12
1724729,2017-12-12
1724730,2017-12-12
1724731,2017-12-12
1724732,2017-12-12
1724733,2017-12-12
1724734,2017-12-12
1724735,2017-12-12
1724736,2017-12-12
1724737,2017-12-12
1724738,2017-12-12
1724739,2017-12-12
1724740,2017-12-12
1724741,2017-12-12
1724742,2017-12-12
1724743,2017-12-12
1724744,2017-12-12
1724745,2017-12-12
1724746,2017-12-12
1724747,2017-12-12
1724748,2017-12-12
1724749,2017-12-12
1724750,2017-12-12
1724751,2017-12-12
1724752,2017-12-12
1724753,2017-12-12
1724754,2017-12-12
1724755,2017-12-12
1724756,2017-12-12
1724757,2017-12-12
1724758,2017-12-12
1724759,2017-12-12
1724760,2017-12-12
1724761,2017-12-12
1724762,2017-12-12
1724763,2017-12-12
1724764,2017-12-12
1724765,2017-12-12
1724766,2017-12-12
1724767,2017-12-12
1724768,2017-12-12
1724769,2017-12-12
1724770,2017-12-12
1724771,2017-12-12
1724772,2017-12-12
1724773,2017-12-12
1724774,2017-12-12
1724775,2017-12-12
1724776,2017-12-12
1724777,2017-12-12
1724778,2017-12-12
1724779,2017-12-12
1724780,2017-12-12
1724781,2017-12-12
1724782,2017-12-12
1724783,2017-12-12
1724784,2017-12-12
1724785,2017-12-12
1724786,2017-12-12
1724787,2017-12-12
1724788,2017-12-12
1724789,2017-12-12
1724790,2017-12-12
1724791,2017-12-12
1724792,2017-12-12
1724793,2017-12-12
1724794,2017-12-12
1724795,2017-12-12
1724796,2017-12-12
1724797,2017-12-12
1724798,2017-12-12
1724799,2017-12-12
1724800,2017-12-12
1724801,2017-12-12
1724802,2017-12-12
1724803,2017-12-12
1724804,2017-12-12
1724805,2017-12-12
1724806,2017-12-12
1724807,2017-12-12
1724808,2017-12-12
1724809,2017-12-12
1724810,2017-12-12
1724811,2017-12-12
1724812,2017-12-12
1724813,2017-12-12
1724814,2017-12-13
1724815,2017-12-13
1724816,2017-12-13
1724817,2017-12-13
1724818,2017-12-13
1724819,2017-12-13
1724820,2017-12-13
1724821,2017-12-13
1724822,2017-12-13
1724823,2017-12-13
1724824,2017-12-13
1724825,2017-12-13
1724826,2017-12-13
1724827,2017-12-13
1724828,2017-12-13
1724829,2017-12-13
1724830,2017-12-13
1724831,2017-12-13
1724832,2017-12-13
1724833,2017-12-13
1724834,2017-12-13
1724835,2017-12-13
1724836,2017-12-13
1724837,2017-12-13
1724838,2017-12-13
1724839,2017-12-13
1724840,2017-12-13
1724841,2017-12-13
1724842,2017-12-13
1724843,2017-12-13
1724844,2017-12-13
1724845,2017-12-13
1724846,2017-12-13
1724847,2017-12-13
1724848,2017-12-13
1724849,2017-12-13
1724850,2017-12-13
1724851,2017-12-13
1724852,2017-12-13
1724853,2017-12-13
1724854,2017-12-13
1724855,2017-12-13
1724856,2017-12-13
1724857,2017-12-13
1724858,2017-12-13
1724859,2017-12-13
1724860,2017-12-13
1724861,2017-12-13
1724862,2017-12-13
1724863,2017-12-13
1724864,2017-12-13
1724865,2017-12-13
1724866,2017-12-13
1724867,2017-12-13
1724868,2017-12-13
1724869,2017-12-13
1724870,2017-12-13
1724871,2017-12-13
1724872,2017-12-13
1724873,2017-12-13
1724874,2017-12-13
1724875,2017-12-13
1724876,2017-12-13
1724877,2017-12-13
1724878,2017-12-13
1724879,2017-12-13
1724880,2017-12-13
1724881,2017-12-14
1724882,2017-12-14
1724883,2017-12-14
1724884,2017-12-14
1724885,2017-12-14
1724886,2017-12-14
1724887,2017-12-14
1724888,2017-12-14
1724889,2017-12-14
1724890,2017-12-14
1724891,2017-12-14
1724892,2017-12-14
1724893,2017-12-14
1724894,2017-12-14
1724895,2017-12-14
1724896,2017-12-14
1724897,2017-12-14
1724898,2017-12-14
1724899,2017-12-14
1724900,2017-12-14
1724901,2017-12-14
1724902,2017-12-14
1724903,2017-12-14
1724904,2017-12-14
1724905,2017-12-14
1724906,2017-12-14
1724907,2017-12-14
1724908,2017-12-14
1724909,2017-12-14
1724910,2017-12-14
1724911,2017-12-14
1724912,2017-12-14
1724913,2017-12-14
1724914,2017-12-14
1724915,2017-12-14
1724916,2017-12-14
1724917,2017-12-14
1724918,2017-12-14
1724919,2017-12-14
1724920,2017-12-14
1724921,2017-12-14
1724922,2017-12-14
1724923,2017-12-14
1724924,2017-12-14
1724925,2017-12-14
1724926,2017-12-14
1724927,2017-12-14
1724928,2017-12-14
1724929,2017-12-14
1724930,2017-12-14
1724931,2017-12-14
1724932,2017-12-14
1724933,2017-12-14
1724934,2017-12-14
1724935,2017-12-14
1724936,2017-12-14
1724937,2017-12-14
1724938,2017-12-14
1724939,2017-12-14
1724940,2017-12-14
1724941,2017-12-14
1724942,2017-12-14
1724943,2017-12-14
1724944,2017-12-14
1724945,2017-12-14
1724946,2017-12-14
1724947,2017-12-14
1724948,2017-12-14
1724949,2017-12-14
1724950,2017-12-14
1724951,2017-12-14
1724952,2017-12-14
1724953,2017-12-14
1724954,2017-12-14
1724955,2017-12-14
1724956,2017-12-14
1724957,2017-12-14
1724958,2017-12-14
1724959,2017-12-14
1724960,2017-12-14
1724961,2017-12-14
1724962,2017-12-14
1724963,2017-12-14
1724964,2017-12-14
1724965,2017-12-14
1724966,2017-12-14
1724967,2017-12-14
1724968,2017-12-14
1724969,2017-12-14
1724970,2017-12-14
1724971,2017-12-14
1724972,2017-12-14
1724973,2017-12-14
1724974,2017-12-14
1724975,2017-12-14
1724976,2017-12-14
1724977,2017-12-14
1724978,2017-12-14
1724979,2017-12-14
1724980,2017-12-14
1724981,2017-12-14
1724982,2017-12-14
1724983,2017-12-14
1724984,2017-12-14
1724985,2017-12-14
1724986,2017-12-14
1724987,2017-12-14
1724988,2017-12-14
1724989,2017-12-14
1724990,2017-12-15
1724991,2017-12-15
1724992,2017-12-15
1724993,2017-12-15
1724994,2017-12-15
1724995,2017-12-15
1724996,2017-12-15
1724997,2017-12-15
1724998,2017-12-15
1724999,2017-12-15
1725000,2017-12-15
1725001,2017-12-15
1725002,2017-12-15
1725003,2017-12-15
1725004,2017-12-15
1725005,2017-12-15
1725006,2017-12-15
1725007,2017-12-15
1725008,2017-12-15
1725009,2017-12-15
1725010,2017-12-15
1725011,2017-12-15
1725012,2017-12-15
1725013,2017-12-15
1725014,2017-12-15
1725015,2017-12-15
1725016,2017-12-15
1725017,2017-12-15
1725018,2017-12-15
1725019,2017-12-15
1725020,2017-12-15
1725021,2017-12-15
1725022,2017-12-15
1725023,2017-12-15
1725024,2017-12-15
1725025,2017-12-15
1725026,2017-12-15
1725027,2017-12-15
1725028,2017-12-15
1725029,2017-12-15
1725030,2017-12-15
1725031,2017-12-15
1725032,2017-12-15
1725033,2017-12-15
1725034,2017-12-15
1725035,2017-12-15
1725036,2017-12-15
1725037,2017-12-15
1725038,2017-12-15
1725039,2017-12-15
1725040,2017-12-15
1725041,2017-12-15
1725042,2017-12-15
1725043,2017-12-15
1725044,2017-12-15
1725045,2017-12-15
1725046,2017-12-15
1725047,2017-12-15
1725048,2017-12-15
1725049,2017-12-15
1725050,2017-12-15
1725051,2017-12-15
1725052,2017-12-15
1725053,2017-12-15
1725054,2017-12-15
1725055,2017-12-15
1725056,2017-12-15
1725057,2017-12-15
1725058,2017-12-15
1725059,2017-12-15
1725060,2017-12-15
1725061,2017-12-15
1725062,2017-12-15
1725063,2017-12-15
1725064,2017-12-15
1725065,2017-12-15
1725066,2017-12-15
1725067,2017-12-15
1725068,2017-12-15
1725069,2017-12-15
1725070,2017-12-15
1725071,2017-12-15
1725072,2017-12-15
1725073,2017-12-15
1725074,2017-12-15
1725075,2017-12-15
1725076,2017-12-15
1725077,2017-12-15
1725078,2017-12-15
1725079,2017-12-16
1725080,2017-12-16
1725081,2017-12-16
1725082,2017-12-16
1725083,2017-12-16
1725084,2017-12-16
1725085,2017-12-16
1725086,2017-12-16
1725087,2017-12-16
1725088,2017-12-16
1725089,2017-12-16
1725090,2017-12-16
1725091,2017-12-16
1725092,2017-12-16
1725093,2017-12-16
1725094,2017-12-16
1725095,2017-12-16
1725096,2017-12-16
1725097,2017-12-16
1725098,2017-12-16
1725099,2017-12-16
1725100,2017-12-16
1725101,2017-12-16
1725102,2017-12-16
1725103,2017-12-16
1725104,2017-12-16
1725105,2017-12-16
1725106,2017-12-16
1725107,2017-12-16
1725108,2017-12-16
1725109,2017-12-16
1725110,2017-12-16
1725111,2017-12-16
1725112,2017-12-16
1725113,2017-12-16
1725114,2017-12-16
1725115,2017-12-16
1725116,2017-12-16
1725117,2017-12-16
1725118,2017-12-16
1725119,2017-12-16
1725120,2017-12-16
1725121,2017-12-16
1725122,2017-12-17
1725123,2017-12-17
1725124,2017-12-17
1725125,2017-12-17
1725126,2017-12-17
1725127,2017-12-17
1725128,2017-12-17
1725129,2017-12-17
1725130,2017-12-17
1725131,2017-12-17
1725132,2017-12-17
1725133,2017-12-17
1725134,2017-12-17
1725135,2017-12-17
1725136,2017-12-17
1725137,2017-12-17
1725138,2017-12-17
1725139,2017-12-17
1725140,2017-12-17
1725141,2017-12-17
1725142,2017-12-17
1725143,2017-12-17
1725144,2017-12-17
1725145,2017-12-17
1725146,2017-12-17
1725147,2017-12-17
1725148,2017-12-17
1725149,2017-12-17
1725150,2017-12-17
1725151,2017-12-17
1725152,2017-12-17
1725153,2017-12-17
1725154,2017-12-17
1725155,2017-12-17
1725156,2017-12-17
1725157,2017-12-17
1725158,2017-12-17
1725159,2017-12-17
1725160,2017-12-17
1725161,2017-12-17
1725162,2017-12-17
1725163,2017-12-17
1725164,2017-12-17
1725165,2017-12-18
1725166,2017-12-18
1725167,2017-12-18
1725168,2017-12-18
1725169,2017-12-18
1725170,2017-12-18
1725171,2017-12-18
1725172,2017-12-18
1725173,2017-12-18
1725174,2017-12-18
1725175,2017-12-18
1725176,2017-12-18
1725177,2017-12-18
1725178,2017-12-18
1725179,2017-12-18
1725180,2017-12-18
1725181,2017-12-18
1725182,2017-12-18
1725183,2017-12-18
1725184,2017-12-18
1725185,2017-12-18
1725186,2017-12-18
1725187,2017-12-18
1725188,2017-12-18
1725189,2017-12-18
1725190,2017-12-18
1725191,2017-12-18
1725192,2017-12-18
1725193,2017-12-18
